key,English,Chinese,Japanese,Hindi,Arabic,French,Spanish,Russian
string,string,string,string,string,string,string,string,string
Key,英文,中文,日文,印度语,阿拉伯语,法语,西班牙语,俄语
,Game,游戏,ゲーム,खेल,لعبة,Jeu,Juego,Игра
,Start,开始,始める,शुरू,يبدأ,Commencer,Comenzar,Начинать
,Collect,收集,集める,इकट्ठा करना,يجمع,Collecter,Recolectar,Собирать
,Reward,奖励,褒美,इनाम,جائزة,Récompense,Premio,Награда
,Close,关闭,近い,बंद करना,يغلق,Fermer,Cerca,Закрывать
,Hint,提示,ヒント,संकेत देना,تَلمِيح,Indice,Pista,Намекать
,Forward,前进,フォワード,आगे,إلى الأمام,Avant,Adelante,Вперед
,Undo,撤销,元に戻す,पूर्ववत,الغاء التحميل,annuler,Deshacer,Отменить
,Theme,主题,テーマ,विषय,سمة,Thème,Tema,Тема
,Settings,设置,設定,समायोजन,إعدادات,Paramètres,Ajustes,Настройки
,Score,得分,スコア,अंक,نتيجة,Score,Puntaje,Счет
,Time,时间,時間,समय,وقت,Temps,Tiempo,Время
,Moves,步数,移動,चालें,التحركات,Se déplace,se mueve,Ходы
,Statistics,统计数据,統計,आंकड़े,إحصائيات,Statistiques,Estadísticas,Статистика
,Draw Card,抽牌,カードを引く,कार्ड चुनें,بطاقة السحب,Tirer une carte,Elegir Carta,Вытянуть карту
,Draw 1,抽1张牌,ドロー1,ड्रा 1,ارسم 1,Tirage 1,Sorteo 1,Ничья 1
,Draw 2,抽2张牌,ドロー2,ड्रा 2,ارسم 2,Tirage 2,Sorteo 2,Ничья 2
,Draw 3,抽3张牌,ドロー 3,ड्रा 3,ارسم 3,Tirage 3,Sorteo 3,Ничья 3
,Preferences,偏好,環境設定,पसंद,التفضيلات,Préférences,Preferencias,Предпочтения
,Sound Effects,音效,音響効果,ध्वनि प्रभाव,مؤثرات صوتية,Effets sonores,Efectos de sonido,Звуковые эффекты
,Tap to Move,点击移牌,タップして移動,स्थानांतरित करने के लिए टैप करें,انقر للتحرك,Appuyez pour déplacer,Toque para moverse,"Нажмите, чтобы переместить"
,Fast Play,快速游戏,高速再生,तेज़ खेल,لعب سريع,Jeu rapide,Juego rapido,Быстрая игра
,Auto move cards to the foundation,自动将牌移到收牌区,カードを財団に自動移動します,फ़ाउंडेशन में कार्डों को स्वतः ले जाएँ,نقل البطاقات تلقائيًا إلى الأساس,Déplacer automatiquement les cartes vers la fondation,Mover tarjetas automáticamente a la base.,Автоматическое перемещение карт в фонд
,Auto Complete,自动完成,オートコンプリート,स्वतः पूर्ण,الإكمال التلقائي,Saisie automatique,Autocompletar,Автозаполнение
,Game Over Prompts,游戏结束提醒,ゲームオーバープロンプト,गेम ओवर प्रॉम्प्ट,انتهت اللعبة المطالبات,Invites de fin de jeu,Avisos de finalización del juego,Подсказки об окончании игры
,Style,视觉风格,スタイル,शैली,أسلوب,Style,Estilo,Стиль
,Display Score,显示得分,スコアを表示する,प्रदर्शन स्कोर,عرض النتيجة,Afficher le score,Puntuación de visualización,Показать балл
,Display Time/Moves,显示时间/步数,表示時間・移動数,प्रदर्शन समय/चालें,عرض الوقت/التحركات,Afficher le temps/les mouvements,Mostrar tiempo/movimientos,Отображение времени/ходов
,Display Card Counts,显示牌数,カード数の表示,कार्ड संख्या प्रदर्शित करें,عدد بطاقات العرض,Afficher le nombre de cartes,Conteos de tarjetas mostradas,Отображение количества карт
,View card counts of the Deck,查看牌堆的牌数,デッキのカード数を確認する,डेक की कार्ड संख्या देखें,عرض أعداد البطاقات على سطح السفينة,Afficher le nombre de cartes du Deck,Ver recuentos de cartas del mazo,Посмотреть количество карт в колоде
,Left-Handed,左手模式,左利き,बाएं हाथ से काम करने वाला,عسراء,Gaucher,Zurdo,Левша
,Skip Winning Animations,跳过胜利动画,勝利のアニメーションをスキップする,एनिमेशन जीतना छोड़ें,تخطي الرسوم المتحركة الفائزة,Passer les animations gagnantes,Saltar animaciones ganadoras,Пропустить выигрышные анимации
,Information,信息,情報,जानकारी,معلومة,Information,Información,Информация
,How To Play,怎么玩,遊び方,कैसे खेलने के लिए,كيف ألعب,Comment jouer,Cómo jugar,Как играть
,QUIT,退出,やめる,छोड़ना,يترك,QUITTER,ABANDONAR,ПОКИДАТЬ
,New Game,新游戏,新しいゲーム,नया खेल,لعبة جديدة,Nouveau jeu,Nuevo juego,Новая игра
,Daily Challenge,每日挑战,毎日の挑戦,दैनिक चुनौती,التحدي اليومي,Challenge quotidien,Reto diario,Ежедневное испытание
,Restart,重玩,再起動,पुनः आरंभ करें,إعادة تشغيل,Redémarrage,Reanudar,Перезапуск
,Cancel,取消,キャンセル,रद्द करना,يلغي,Annuler,Cancelar,Отмена
,YOU WON,你获胜了,あなたが勝ちました,आप जीते,لقد فزت,TU AS GAGNÉ,GANASTE,ТЫ ВЫИГРАЛ
,TROPHY,奖杯,トロフィー,ट्रॉफी,غنيمة,TROPHÉE,TROFEO,ТРОФЕЙ
,Customized,自定义,カスタマイズされた,स्वनिर्धारित,حسب الطلب,Personnalisé,Personalizado,Индивидуальные
lag0107,Large Font Mode,大字体模式,大きなフォントモード,बड़े फ़ॉन्ट मोड,وضع الخط الكبير,Mode grande police,Modo de fuente grande,Режим крупного шрифта
,Check,查看,チェック,जाँच करना,يفحص,Vérifier,Controlar,Проверять
lag0109,Dark Mode,黑暗模式,ダークモード,डार्क मोड,الوضع المظلم,Mode sombre,Modo oscuro,Темный режим
lag0110,Eye Care Mode,护眼模式,アイケアモード,नेत्र देखभाल मोड,وضع العناية بالعين,Mode soin des yeux,Modo de cuidado de los ojos,Режим ухода за глазами
lag0111,Pet Mode,宠物,ペットモード,पालतू मोड,وضع الحيوانات الأليفة,Mode animal de compagnie,Modo mascota,Режим питомца
,Use,使用,使用,उपयोग,يستخدم,Utiliser,Usar,Использовать
,Table,牌桌,テーブル,मेज़,طاولة,Tableau,Mesa,Стол
,Front,前,フロント,सामने,أمام,Devant,Frente,Передний
,Back,后,戻る,पीछे,خلف,Dos,Atrás,Назад
,Upload,上传,アップロード,डालना,رفع,Télécharger,Subir,Загрузить
,Games Count,局数,ゲーム数,खेलों की गिनती,عدد الألعاب,Nombre de jeux,Recuento de juegos,Количество игр
,Games Won,胜局数,ゲームは勝ちました,खेल जीता गया,الألعاب التي فازت بها,Jeux gagnés,Juegos ganados,Игры выиграны
,Highest Score,最高得分,最高得点,उच्चतम स्कोर,أعلى نتيجة,Le score le plus élevé,Puntuación más alta,Наивысший балл
,Average Score,平均得分,平均点,औसत अंक,متوسط ​​درجة,Score moyen,Puntuación media,Средний балл
,Shortest Winning Time,最短胜局时间,最短勝利時間,सबसे कम समय जीतने का समय,أقصر وقت للفوز,Temps de gain le plus court,Tiempo ganador más corto,Кратчайшее время выигрыша
,Average Winning Time,平均胜局时间,平均勝利時間,औसत जीत का समय,متوسط وقت الفوز,Temps de gain moyen,Tiempo promedio de ganancia,Среднее время выигрыша
,Fewest Winning Moves,最少胜局步数,最も少ない勝ち手,सबसे कम जीतने वाली चालें,أقل التحركات الفائزة,Moins de mouvements gagnants,Menos movimientos ganadores,Наименьшее количество выигрышных ходов
,Average Winning Moves,平均胜局步数,平均的な勝ち手,औसत जीतने वाली चालें,متوسط التحركات الفائزة,Mouvements gagnants moyens,Movimientos ganadores promedio,Среднее количество выигрышных ходов
,Current Streak,当前连胜,現在の連続数,वर्तमान धारा,العلامة الحالية,Série actuelle,Racha actual,Текущая серия
,Longest Streak,最长连胜,最長連続記録,सबसे लंबी लकीर,أطول أثر,La plus longue série,Racha más larga,Самая длинная серия
,JANUARY,一月,1月,जनवरी,يناير,JANVIER,ENERO,ЯНВАРЬ
,FEBRUARY,二月,2月,फ़रवरी,شهر فبراير,FÉVRIER,FEBRERO,ФЕВРАЛЬ
,MARCH,三月,行進,मार्च,يمشي,MARS,MARZO,МАРШИРОВАТЬ
,APRIL,四月,4月,अप्रैल,أبريل,AVRIL,ABRIL,АПРЕЛЬ
,MAY,五月,5月,मई,يمكن,PEUT,PUEDE,МОЖЕТ
,JUNE,六月,六月,जून,يونيو,JUIN,JUNIO,ИЮНЬ
,JULY,七月,7月,जुलाई,يوليو,JUILLET,JULIO,ИЮЛЬ
,AUGUST,八月,8月,अगस्त,أغسطس,AOÛT,AGOSTO,АВГУСТ
,SEPTEMBER,九月,9月,सितम्बर,سبتمبر,SEPTEMBRE,SEPTIEMBRE,СЕНТЯБРЬ
,OCTOBER,十月,10月,अक्टूबर,اكتوبر,OCTOBRE,OCTUBRE,ОКТЯБРЬ
,NOVEMBER,十一月,11月,नवंबर,شهر نوفمبر,NOVEMBRE,NOVIEMBRE,НОЯБРЬ
,DECEMBER,十二月,12月,दिसंबर,ديسمبر,DÉCEMBRE,DICIEMBRE,ДЕКАБРЬ
,NEW RECORD,新的最佳得分,新記録,नया रिकार्ड,رقم قياسي جديد,NOUVEL ENREGISTREMENT,NUEVO RECORD,НОВАЯ ЗАПИСЬ
,CONTINUE,继续,続く,जारी रखना,يكمل,CONTINUER,CONTINUAR,ПРОДОЛЖАТЬ
,COMPLETED,已完成,完了しました,पुरा होना,مكتمل,COMPLÉTÉ,TERMINADO,ЗАВЕРШЕННЫЙ
,New Game?,再玩一局？,新しいゲーム？,नया खेल?,لعبة جديدة؟,Nouveau jeu?,¿Nuevo juego?,Новая игра?
,No Useable Move,无可用移动,使える技が無い,कोई प्रयोग करने योग्य कदम नहीं,لا توجد حركة صالحة للاستعمال,Aucun mouvement utilisable,Ningún movimiento utilizable,Нет полезного движения
,Return,返回,戻る,वापस करना,يعود,Retour,Devolver,Возвращаться
,Have you ever played Solitaire before?,您以前玩过纸牌游戏吗,これまでにソリティアをプレイしたことがありますか?,क्या आपने पहले कभी सॉलिटेयर खेला है?,هل سبق لك أن لعبت سوليتير من قبل؟,Avez-vous déjà joué au Solitaire auparavant ?,¿Alguna vez has jugado al Solitario?,Вы когда-нибудь раньше играли в пасьянс?
,Yes,是,はい,हाँ,نعم,Oui,Sí,Да
,No,否,いいえ,नहीं,لا,Non,No,Нет
,Skip,跳过,スキップ,छोडना,يتخطى,Sauter,Saltar,Пропускать
,LAYOUT,布局,レイアウト,लेआउट,تَخطِيط,MISE EN PAGE,DISPOSICIÓN,МАКЕТ
HoWToPlay1,"A complete Solitaire game starts with seven piles of cards, each pile contains one more card than the previous, with only the top card facing up.",一个完整的接龙游戏开始时有七堆牌，每堆牌都比前一堆牌多一张，只有最上面的牌是朝上的。,完全なソリティア ゲームは 7 枚の山から始まり、各山には前よりも 1 枚多くのカードが含まれており、一番上のカードだけが表になっています。,"एक संपूर्ण सॉलिटेयर गेम ताश के सात ढेरों के साथ शुरू होता है, प्रत्येक ढेर में पिछले की तुलना में एक अधिक पत्ता होता है, केवल शीर्ष पत्ता ऊपर की ओर होता है।",تبدأ لعبة سوليتير الكاملة بسبعة أكوام من البطاقات، تحتوي كل كومة على بطاقة واحدة أكثر من السابقة، مع مواجهة البطاقة العلوية فقط للأعلى.,"Un jeu de Solitaire complet commence avec sept piles de cartes, chaque pile contient une carte de plus que la précédente, seule la carte du dessus étant visible.","Un juego de Solitario completo comienza con siete montones de cartas, cada montón contiene una carta más que el anterior, con solo la carta superior boca arriba.","Полный пасьянс начинается с семи стопок карт, каждая стопка содержит на одну карту больше, чем предыдущая, и только верхняя карта обращена вверх."
,GOAL,游戏目标,ゴール,लक्ष्य,هدف,BUT,META,ЦЕЛЬ
HoWToPlay2,"The goal of the game is to get all cards onto the four foundation piles, sorted by suit in ascending order from Ace to King",游戏目标是把所有牌放到四个基础牌堆上，按花色从A到K的升序排序。,ゲームの目標は、エースからキングまでのスーツごとに昇順に並べ替えて、すべてのカードを 4 つの基礎の山に置くことです。,"गेम का लक्ष्य सभी कार्डों को चार फाउंडेशन पाइल्स पर लाना है, जो सूट के अनुसार ऐस से किंग तक आरोही क्रम में क्रमबद्ध हैं।",الهدف من اللعبة هو الحصول على جميع البطاقات الموجودة في الأكوام الأساسية الأربعة، مرتبة حسب النوع بترتيب تصاعدي من الآس إلى الملك,"Le but du jeu est de placer toutes les cartes sur les quatre piles de base, triées par couleur et par ordre croissant, de l'As au Roi.","El objetivo del juego es colocar todas las cartas en las cuatro pilas básicas, ordenadas por palo en orden ascendente, del As al Rey.","Цель игры — положить все карты в четыре стопки, отсортированные по масти в порядке возрастания от туза до короля."
,MOVE CARDS,移动纸牌,カードを移動する,कार्ड ले जाएँ,نقل البطاقات,DÉPLACER DES CARTES,MOVER TARJETAS,ПЕРЕДВИГАТЬ КАРТЫ
HoWToPlay3,You can move a face up card onto another face up card if it is one value lower and the opposite color.,您可以将一张正面朝上的牌移动到另一张正面朝上的牌上，只要这张牌的颜色与另一张牌的颜色相反，且牌面小一个数。,表向きのカードの値が 1 つ低く、反対の色であれば、表向きのカードを別の表向きのカードの上に移動できます。,आप एक फेस अप कार्ड को दूसरे फेस अप कार्ड पर ले जा सकते हैं यदि उसका मान एक मान कम है और उसका रंग विपरीत है।,يمكنك نقل بطاقة مكشوفة إلى بطاقة أخرى مكشوفة إذا كانت قيمتها أقل بدرجة واحدة وبلون معاكس.,Vous pouvez déplacer une carte face visible sur une autre carte face visible si elle a une valeur inférieure et une couleur opposée.,Puedes mover una carta boca arriba sobre otra carta boca arriba si tiene un valor inferior y es del color opuesto.,"Вы можете переместить открытую карту на другую открытую карту, если она на одно значение меньше и противоположного цвета."
,PLACE "K",放置“K”,プレイス「K」,स्थान "K",مكان "ك",LIEU "K",LUGAR "K",МЕСТО "К"
HoWToPlay4,"If there is an empty column (no cards), you can move a King there.",如果有一个空的列（即没有卡片），则可以将K移到那里。,空の列 (カードがない) がある場合は、そこにキングを移動できます。,"यदि कोई खाली कॉलम है (कोई कार्ड नहीं है), तो आप वहां एक किंग को स्थानांतरित कर सकते हैं।",إذا كان هناك عمود فارغ (بدون بطاقات)، يمكنك نقل الملك هناك.,"S'il y a une colonne vide (pas de cartes), vous pouvez y déplacer un roi.","Si hay una columna vacía (sin cartas), puedes mover un Rey allí.","Если есть пустой столбец (нет карт), туда можно переместить короля."
,THE DECK,翻阅你的牌组,デッキ,जहाज़ का ऊपरी भाग,سطح السفينة,LE PONT,LA CUBIERTA,ПАЛУБА
HoWToPlay5,"If you can't (or choose not to) move any of the face-up cards, you can go through your deck.",如果你不能（或选择不）移动任何一张面朝上的牌，你可以翻阅你的牌组。,表向きのカードを移動できない（または移動しないことを選択した）場合は、デッキを通過できます。,"यदि आप किसी भी फेस-अप कार्ड को स्थानांतरित नहीं कर सकते (या नहीं करना चुनते हैं), तो आप अपने डेक के माध्यम से जा सकते हैं।",إذا لم تتمكن (أو اخترت عدم القيام بذلك) من تحريك أي من البطاقات المكشوفة، فيمكنك المرور عبر مجموعتك.,"Si vous ne pouvez pas (ou choisissez de ne pas) déplacer aucune des cartes face visible, vous pouvez parcourir votre deck.","Si no puedes (o eliges no) mover ninguna de las cartas boca arriba, puedes revisar tu mazo.","Если вы не можете (или не хотите) переместить ни одну из открытых карт, вы можете просмотреть свою колоду."
,MOVE CARDS FROM THE DECK,从牌组中移牌,デッキからカードを移動する,डेक से कार्ड हटाएँ,انقل البطاقات من المجموعة,DÉPLACER LES CARTES DU PONT,MOVER CARTAS DE LA BARAJA,ПЕРЕМЕЩЕНИЕ КАРТ ИЗ КОЛОДЫ
HoWToPlay6,"If you find a card that can be placed on the brand or desktop, you can choose to move it.",如果你找到可以放置在牌基或桌面上的牌，可以选择移动它。,ブランドまたはデスクトップに配置できるカードが見つかった場合は、それを移動することを選択できます。,"यदि आपको कोई ऐसा कार्ड मिलता है जिसे ब्रांड या डेस्कटॉप पर रखा जा सकता है, तो आप उसे स्थानांतरित करना चुन सकते हैं।",إذا وجدت بطاقة يمكن وضعها على العلامة التجارية أو سطح المكتب، فيمكنك اختيار نقلها.,"Si vous trouvez une carte pouvant être placée sur la marque ou sur le bureau, vous pouvez choisir de la déplacer.","Si encuentra una tarjeta que se puede colocar en la marca o en el escritorio, puede optar por moverla.","Если вы найдете карточку, которую можно разместить на бренде или на рабочем столе, вы можете переместить ее."
,REPEAT STEPS,重复步骤,手順を繰り返す,चरण दोहराएँ,كرر الخطوات,RÉPÉTER LES ÉTAPES,REPETIR PASOS,ПОВТОРИТЕ ШАГИ
HoWToPlay7,These steps must be repeated throughout the game until all four basic cards are completed or no card can be moved.,在整个游戏过程中都要重复这些步骤，直到完成所有四个基础牌堆或无法再移动任何牌为止。,4 枚の基本カードがすべて完成するか、カードを移動できなくなるまで、ゲーム全体でこれらの手順を繰り返す必要があります。,इन चरणों को पूरे खेल के दौरान तब तक दोहराया जाना चाहिए जब तक कि सभी चार बुनियादी कार्ड पूरे नहीं हो जाते या कोई कार्ड स्थानांतरित नहीं किया जा सकता।,يجب تكرار هذه الخطوات طوال اللعبة حتى تكتمل جميع البطاقات الأساسية الأربعة أو لا يمكن تحريك أي بطاقة.,Ces étapes doivent être répétées tout au long du jeu jusqu'à ce que les quatre cartes de base soient complétées ou qu'aucune carte ne puisse être déplacée.,Estos pasos deben repetirse durante todo el juego hasta que se completen las cuatro cartas básicas o no se pueda mover ninguna carta.,"Эти шаги необходимо повторять на протяжении всей игры до тех пор, пока не будут заполнены все четыре основные карты или пока ни одна карта не станет невозможной для перемещения."
HoWToPlay8,"If you can't (or choose not) to move any cards facing up, you can go through your deck.",如果你不能（或选择不）移动任何一张面朝上的牌，你可以翻阅你的牌组。,カードを表向きに移動できない（または移動しないことを選択した）場合は、デッキを通過できます。,"यदि आप किसी भी कार्ड को ऊपर की ओर नहीं ले जा सकते (या नहीं चुन सकते), तो आप अपने डेक के माध्यम से जा सकते हैं।",إذا لم تتمكن (أو اخترت عدم) نقل أي بطاقات متجهة للأعلى، فيمكنك المرور عبر مجموعتك.,"Si vous ne pouvez pas (ou choisissez de ne pas) déplacer des cartes face visible, vous pouvez parcourir votre deck.","Si no puedes (o eliges no) mover ninguna carta boca arriba, puedes revisar tu mazo.","Если вы не можете (или не хотите) переместить какие-либо карты лицевой стороной вверх, вы можете просмотреть свою колоду."
,MON,周一,月,सोमवार,مون,LUN,LUN,ПН
,TUES,周二,火曜日,मंगल,الثلاثاء,YOU ARE,MARTES,ВТОР
,WED,周三,結婚した,बुध,تزوج,ÉPOUSER,CASARSE,ОБВЕНЧАЛИСЬ
,THUR,周四,木曜日,गुरु,الخميس,JEU,JUEVES,ЧЕТ
,FRI,周五,金曜日,शुक्र,الجمعة,VEN,VIE,ПТ
,SAT,周六,土,बैठा,قعد,ASSIS,SE SENTÓ,СИДЕЛ
,SUN,周日,太陽,सूरज,شمس,SOLEIL,SOL,СОЛНЦЕ
,Task,任务,タスク,काम,مهمة,Tâche,Tarea,Задача
,Achieve a win streak  of #1,游戏连胜#1次,連勝記録1位を達成,#1 की जीत का सिलसिला हासिल करें,حقق سلسلة انتصارات رقم 1,Réalisez une séquence de victoires de #1,Lograr una racha de victorias del n.º 1,Достичь победной серии №1
,Put three "#1" to foundation continuously.,在任意牌局中，连续将3个“梅花”放至底牌,ファンデーションに「#1」を3つ続けて塗ります。,फाउंडेशन में लगातार तीन "#1" लगाएं।,ضعي ثلاثة "#1" على كريم الأساس بشكل مستمر.,Mettez trois "#1" sur la fondation en continu.,Coloque tres "#1" en la base de forma continua.,Постоянно кладите три «#1» на фундамент.
,Win #1 games in 150 moves.,在150步内赢得#1场比赛,150手以内にナンバー1のゲームに勝利する。,150 चालों में #1 गेम जीतें।,فز بالمباريات رقم 1 في 150 حركة.,Gagnez les parties n°1 en 150 coups.,Gana juegos número 1 en 150 movimientos.,Выиграйте игру №1 за 150 ходов.
,Heart,红桃,心臓,दिल,قلب,Cœur,Corazón,Сердце
,Spade,黑桃,スペード,कुदाल,الأشياء بأسمائها الحقيقية,Bêche,Pala,лопата
,Club,梅花,クラブ,क्लब,النادي,club,Club,Клуб
,Diamod,方片,ダイアモド,हीरा,ديامود,Diamod,diamante,Диамод
,Auto Hints,自动提示,自動ヒント,ऑटो संकेत,تلميحات تلقائية,Conseils automatiques,Consejos automáticos,Авто подсказки
,CALIFORNIA,加利福利亚,カリフォルニア,कैलिफोर्निया,كاليفورنيا,CALIFORNIE,CALIFORNIA,КАЛИФОРНИЯ
,SAN FRANCISCO,三藩市,サンフランシスコ,सैन फ्रांसिस्को,سان فرانسيسكو,SAN FRANCISCO,SAN FRANCISCO,САН-ФРАНЦИСКО
,YOSEMITE,优胜美地,ヨセミテ,Yosemite,يوسمايت,YOSÉMITE,YOSEMITE,ЙОСЕМИТИ
,LOS ANGELES,洛杉矶,ロサンゼルス,लॉस एंजिल्स,لوس أنجلوس,LOS ANGELES,LOS ANGELES,ЛОС-АНДЖЕЛЕС
,SAN DIEGO,圣地亚哥,サンディエゴ,सैन डिएगो,سان دييغو,SAN DIEGO,SAN DIEGO,САН ДИЕГО
,SANTA CLARA,圣克拉拉,サンタクララ,सांता क्लारा,سانتا كلارا,PÈRE CLARÉE,SANTA CLARA,САНТА-КЛАРА
,SACRAMENTO,萨克拉门托,サクラメント,सैक्रामेंटो,سكرامنتو,SACRAMENTO,SACRAMENTO,САКРАМЕНТО
,STANFORD,斯坦福,スタンフォード,स्टैनफोर्ड,ستانفورد,STANFORD,STANFORD,СТЭНФОРД
,MONTEREY,蒙特雷,モントレー,मोंटेरी,مونتيري,MONTEREY,MONTEREY,МОНТЕРЕЙ
,BAKERSFIELD,贝克斯菲尔德,ベーカーズフィールド,बेकर्सफील्ड,بيكرسفيلد,BOULANGERIE,BAKERSFIELD,БЕЙКЕРСФИЛД
,My Collection,我的收藏,私のコレクション,मेरा संग्रह,مجموعتي,Ma collection,Mi colección,Моя коллекция
,Stamps,集邮,スタンプ,टिकटों,طوابع بريدية,Timbres,Sellos,Марки
notice_title1,We will not stop the game because of getting older. 😌,我们不会因为变老而停止游戏。😌,年齢を理由にゲームをやめるつもりはありません。 😌,हम उम्र बढ़ने के कारण खेल नहीं बंद करेंगे.' 😌,لن نتوقف عن اللعب بسبب تقدمنا في السن. 😌,Nous n’arrêterons pas le jeu à cause du vieillissement. 😌,No pararemos el juego por hacernos mayores. 😌,Мы не остановим игру из-за старения. 😌
notice_content1,We get old because we stop the game.,我们变老是因为我们停止游戏。,ゲームをやめるから私たちは老けるのです。,हम बूढ़े हो जाते हैं क्योंकि हम खेल बंद कर देते हैं।,لقد كبرنا لأننا أوقفنا اللعبة.,On vieillit parce qu’on arrête le jeu.,Nos hacemos viejos porque paramos el juego.,"Мы стареем, потому что прекращаем игру."
notice_title2,Hello! Linda is here 😊,你好！琳达在这里😊,こんにちは！ リンダが来ました😊,नमस्ते! लिंडा यहाँ है 😊,مرحبًا! ليندا هنا 😊,Bonjour! Linda est là 😊,¡Hola! Linda está aquí 😊,Привет! Линда здесь 😊
notice_content2,"As a retirement, this is my favorite grinding thinking game 👉",作为一名退休人员，这是我最喜欢的磨砺思维游戏👉,引退作として、これは私のお気に入りの徹底的に考えるゲームです 👉,"सेवानिवृत्ति के रूप में, यह मेरा पसंदीदा ग्राइंडिंग थिंकिंग गेम है 👉",كتقاعد، هذه هي لعبة التفكير الطاحن المفضلة لدي 👉,"En tant que retraité, c'est mon jeu de réflexion préféré 👉","Como retiro, este es mi juego de pensamiento favorito 👉",На пенсии это моя любимая игра на мышление 👉
notice_title3,It's time to exercise the brain! ⏰,是时候锻炼大脑了！⏰,頭の体操の時間です！ ⏰,यह दिमाग का व्यायाम करने का समय है! ⏰,حان الوقت لتمرين الدماغ! ⏰,Il est temps d'exercer le cerveau ! ⏰,¡Es hora de ejercitar el cerebro! ⏰,Пришло время тренировать мозг! ⏰
notice_content3,"The more you play, the healthier the brain🎮",玩得越多，大脑就越健康🎮,遊べば遊ぶほど脳は健康になります🎮,"जितना अधिक आप खेलेंगे, मस्तिष्क उतना ही स्वस्थ होगा",كلما لعبت أكثر، أصبح دماغك أكثر صحة,"Plus vous jouez, plus le cerveau est en bonne santé🎮","Cuanto más juegas, más sano es el cerebro🎮","Чем больше играешь, тем здоровее мозг🎮"
notice_title4,Relax and restore vitality,放松并恢复活力,リラックスして活力を回復,आराम करें और जीवन शक्ति बहाल करें,الاسترخاء واستعادة الحيوية,Se détendre et retrouver sa vitalité,Relajarse y recuperar la vitalidad.,Расслабьтесь и восстановите жизненные силы
notice_content4,"Looking for comfort in a soothing card game, and at the same time establish a contact with like-minded elderly people🛀",在舒缓的纸牌游戏中寻找安慰，同时与志同道合的老年人建立联系🛀,心安らぐカードゲームで癒しを求め、同時に同じ志を持つ高齢者とのつながりを築きましょう🛀,"सुखदायक कार्ड गेम में आराम की तलाश करें, और साथ ही समान विचारधारा वाले बुजुर्ग लोगों के साथ संपर्क स्थापित करें🛀",ابحث عن الراحة في لعبة ورق مريحة، وفي نفس الوقت قم بالتواصل مع كبار السن ذوي التفكير المماثل,"Vous recherchez du réconfort dans un jeu de cartes apaisant, tout en établissant un contact avec des personnes âgées partageant les mêmes idées🛀","Buscar consuelo en un relajante juego de cartas y, al mismo tiempo, establecer contacto con personas mayores de ideas afines🛀","Ищите утешение в успокаивающей карточной игре, а заодно налаживайте контакт с единомышленниками пожилого возраста🛀"
notice_title5,How can we always keep elegance and wisdom at all times,怎样才能时刻保持优雅和睿智,どうすれば常に優雅さと知恵を保つことができますか,हम हर समय लालित्य और बुद्धिमत्ता कैसे बनाए रख सकते हैं?,كيف يمكننا أن نحافظ دائمًا على الأناقة والحكمة في جميع الأوقات؟,Comment pouvons-nous toujours garder l'élégance et la sagesse à tout moment,¿Cómo podemos mantener siempre la elegancia y la sabiduría en todo momento?,Как нам всегда сохранять элегантность и мудрость во все времена?
notice_content5,Play a classic SOLITAIRE,玩一局经典接龙吧,古典的なソリティアをプレイする,एक क्लासिक सॉलिटेयर खेलें,العب لعبة سوليتير الكلاسيكية,Jouez à un SOLITAIRE classique,Juega un SOLITARIO clásico,Сыграйте в классический ПАСЬЯНС
notice_title6,Good morning! Dennis is here 😊,早安！丹尼斯在这里😊,おはよう！ デニスが来ました😊,शुभ प्रभात! डेनिस यहाँ है 😊,صباح الخير! دينيس هنا 😊,Bonjour! Denis est là 😊,¡Buen día! Dennis está aquí 😊,Доброе утро! Денис здесь 😊
notice_content6,Are you ready for daily challenge?,准备迎接今天的每日挑战了吗？,毎日の挑戦に取り組む準備はできていますか?,क्या आप दैनिक चुनौती के लिए तैयार हैं?,هل أنت مستعد للتحدي اليومي؟,Êtes-vous prêt à relever un défi quotidien ?,¿Estás listo para el desafío diario?,Готовы ли вы к ежедневным испытаниям?
notice_title7,Good morning! Dennis is here 😊,早安！丹尼斯在这里😊,おはよう！ デニスが来ました😊,शुभ प्रभात! डेनिस यहाँ है 😊,صباح الخير! دينيس هنا 😊,Bonjour! Denis est là 😊,¡Buen día! Dennis está aquí 😊,Доброе утро! Денис здесь 😊
notice_content7,A great day starts with an avocado sandwich! Maybe a Solitaire game?,美好的一天从牛油果三明治开始！也许还有一局接龙？,素敵な一日はアボカドサンドイッチから始まります！ もしかしてソリティアゲーム？,एक बेहतरीन दिन की शुरुआत एवोकाडो सैंडविच से होती है! शायद एक सॉलिटेयर गेम?,يوم رائع يبدأ بساندويتش الأفوكادو! ربما لعبة سوليتير؟,Une belle journée commence par un sandwich à l'avocat ! Peut-être un jeu de Solitaire ?,¡Un gran día comienza con un sándwich de aguacate! ¿Quizás un juego de solitario?,"Отличный день начинается с бутерброда с авокадо! Может быть, пасьянс?"
notice_title8,Good morning! Dennis is here 😊,早安！丹尼斯在这里😊,おはよう！ デニスが来ました😊,शुभ प्रभात! डेनिस यहाँ है 😊,صباح الخير! دينيس هنا 😊,Bonjour! Denis est là 😊,¡Buen día! Dennis está aquí 😊,Доброе утро! Денис здесь 😊
notice_content8,I hope you have a great day! Don't forget about our daily Solitaire challenge~,我希望你有一个美好的一天，别忘记我们的接龙挑战哦,良い一日をお過ごし下さい！ 毎日のソリティア チャレンジを忘れないでください~,आशा है आपका दिन बढ़िया रहे! हमारे दैनिक सॉलिटेयर चैलेंज के बारे में मत भूलना~,آمل أن يكون لديك يوم عظيم! لا تنسى تحدي السوليتير اليومي ~,J'espère que tu as passé une bonne journée! N'oubliez pas notre défi Solitaire quotidien ~,¡Espero que tengas un buen día! No te olvides de nuestro desafío diario de Solitario ~,Надеюсь у тебя хороший день! Не забывайте о нашем ежедневном испытании «Пасьянс»~
notice_title9,Yoink~,呦吼,よーいんく〜,योइंक~,يوينك~,Yoink~,Yoink ~,Йонк~
notice_content9,"I got a card for you, play a classic Solitaire to collect it!",我给你准备了一张小卡，来玩一局接龙吧,カードを用意しました。古典的なソリティアをプレイしてカードを集めてください!,"मुझे आपके लिए एक कार्ड मिला है, इसे इकट्ठा करने के लिए क्लासिक सॉलिटेयर खेलें!",لقد حصلت على بطاقة لك، العب لعبة سوليتير كلاسيكية لجمعها!,"J'ai une carte pour vous, jouez à un Solitaire classique pour la récupérer !","Tengo una carta para ti, ¡juega un solitario clásico para recogerla!","У меня есть для вас карта, разыграйте классический пасьянс, чтобы собрать ее!"
notice_title10,Psst~,喂喂,くっそ～,पीएसएसटी~,بسست ~,Psst~,Psst~,Тсс~
notice_content10,Let's go play some relaxing Solitaire and do some brain workouts!,来一起玩会休闲的接龙并且锻炼大脑吧,リラックスできるソリティアをプレイして、頭の体操をしましょう!,आइए कुछ आरामदायक सॉलिटेयर खेलें और कुछ दिमागी कसरत करें!,هيا بنا نلعب لعبة سوليتير مريحة ونقوم ببعض تمارين الدماغ!,Allons jouer au Solitaire relaxant et faire quelques exercices cérébraux !,¡Vamos a jugar un solitario relajante y hacer algunos ejercicios cerebrales!,Давайте поиграем в расслабляющий пасьянс и потренируем мозг!
notice_title11,Yohoho~,呦吼吼,よほほ〜,योहोहो~,يوهوهو~,Yohoho~,Yohoho ~,Йохохо~
notice_content11,How about a fun Solitaire before the meal? Already had a meal? That's fine too~,在饭前来局有趣的接龙怎么样？我是说饭后也行,お食事の前に楽しいソリティアはいかがですか? もうお食事をお召し上がりになりましたか？ それもいいですね～,भोजन से पहले एक मज़ेदार सॉलिटेयर के बारे में आपका क्या ख़याल है? पहले से ही भोजन कर लिया है? यह भी ठीक है~,ماذا عن لعبة سوليتير الممتعة قبل الوجبة؟ هل تناولت وجبة بالفعل؟ هذا جيد أيضًا~,Que diriez-vous d'un Solitaire ludique avant le repas ? Vous avez déjà mangé ? C'est bien aussi~,¿Qué tal un divertido solitario antes de la comida? ¿Ya comiste? Eso también está bien ~,Как насчет веселого пасьянса перед едой? Уже пообедали? Это тоже нормально~
notice_title12,Good evening!,晚上好！,こんばんは！,शुभ संध्या!,مساء الخير!,Bonne soirée!,¡Buenas noches!,Добрый вечер!
notice_content12,How about playing some relaxing Solitaire for a better sleep?,来玩会接龙之后睡个好觉怎么样？,より良い睡眠のために、リラックスできるソリティアをプレイしてみてはいかがでしょうか?,बेहतर नींद के लिए कुछ आरामदायक सॉलिटेयर खेलना कैसा रहेगा?,ماذا عن لعب لعبة سوليتير المريحة للحصول على نوم أفضل؟,Que diriez-vous de jouer au Solitaire relaxant pour mieux dormir ?,¿Qué tal jugar un solitario relajante para dormir mejor?,"Как насчет того, чтобы сыграть в расслабляющий пасьянс, чтобы лучше выспаться?"
notice_title13,Good evening!,晚上好！,こんばんは！,शुभ संध्या!,مساء الخير!,Bonne soirée!,¡Buenas noches!,Добрый вечер!
notice_content13,"Try playing a relaxing Solitaire with night mode, I am sure it will help you sleep well.",尝试玩助眠模式的接龙吧，我猜它会有帮助的,ナイト モードでリラックスできるソリティアをプレイしてみてください。きっとよく眠れるようになるでしょう。,"रात्रि मोड के साथ एक आरामदायक सॉलिटेयर खेलने का प्रयास करें, मुझे यकीन है कि यह आपको अच्छी नींद लेने में मदद करेगा।",حاول لعب لعبة سوليتير مريحة مع الوضع الليلي، وأنا متأكد من أنها ستساعدك على النوم جيدًا.,"Essayez de jouer à un Solitaire relaxant avec le mode nuit, je suis sûr que cela vous aidera à bien dormir.","Prueba a jugar un solitario relajante con modo nocturno, estoy seguro de que te ayudará a dormir bien.","Попробуйте разложить расслабляющий пасьянс в ночном режиме, уверен, это поможет вам хорошо выспаться."
notice_title14,Good evening!,晚上好！,こんばんは！,शुभ संध्या!,مساء الخير!,Bonne soirée!,¡Buenas noches!,Добрый вечер!
notice_content14,"Enjoy a casual Solitaire, sleep well, and prepare for a fantastic tomorrow.",玩会接龙，睡个好觉，然后迎接美好的明天,カジュアルなソリティアを楽しみ、よく眠り、素晴らしい明日に備えましょう。,"एक कैज़ुअल सॉलिटेयर का आनंद लें, अच्छी नींद लें और एक शानदार कल के लिए तैयारी करें।",استمتع بسوليتير غير رسمي، ونم جيدًا، واستعد لغد رائع.,"Profitez d'un solitaire décontracté, dormez bien et préparez-vous à un lendemain fantastique.","Disfruta de un solitario informal, duerme bien y prepárate para un mañana fantástico.","Наслаждайтесь случайным пасьянсом, спите спокойно и готовьтесь к фантастическому завтрашнему дню."
,Reset,重置,リセット,रीसेट,إعادة ضبط,Réinitialiser,Reiniciar,Перезагрузить
,Are you sure to reset statistics?,是否确认重置统计数据？,統計をリセットしてもよろしいですか?,क्या आप आँकड़े रीसेट करना सुनिश्चित कर रहे हैं?,هل أنت متأكد من إعادة تعيين الإحصائيات؟,Êtes-vous sûr de réinitialiser les statistiques ?,¿Estás seguro de restablecer las estadísticas?,"Вы уверены, что сбросить статистику?"
,Confirm,确认,確認する,पुष्टि करना,يتأكد,Confirmer,Confirmar,Подтверждать
lag0263,Black Mode,黑色模式,ブラックモード,ब्लैक मोड,الوضع الأسود,Mode noir,Modo negro,Черный режим
,Congratulations!,恭喜,おめでとう！,बधाई हो!,تهانينا!,Toutes nos félicitations!,¡Felicidades!,Поздравляем!
,The new table has been unlocked,新背景已解锁,新しいテーブルのロックが解除されました,नई तालिका अनलॉक कर दी गई है,لقد تم فتح الجدول الجديد,La nouvelle table a été débloquée,La nueva mesa ha sido desbloqueada.,Новый стол разблокирован.
,The new front has been unlocked,新牌背已解锁,新しい戦線のロックが解除されました,नया मोर्चा खोल दिया गया है,لقد تم فتح الجبهة الجديدة,La nouvelle façade a été déverrouillée,El nuevo frente ha sido desbloqueado.,Новый фронт разблокирован
,The new back has been unlocked,新牌面已解锁,新しいバックのロックが解除されました,नया बैक अनलॉक कर दिया गया है,لقد تم فتح الجزء الخلفي الجديد,Le nouveau dos a été débloqué,La nueva espalda ha sido desbloqueada.,Новая спина разблокирована
,OK,好的,わかりました,ठीक है,نعم,D'ACCORD,DE ACUERDO,ХОРОШО
,USE,使用,使用,उपयोग,يستخدم,UTILISER,USAR,ИСПОЛЬЗОВАТЬ
,Independence Day,独立日,独立記念日,स्वतंत्रता दिवस,يوم الاستقلال,Jour de l'indépendance,Día de la Independencia,День независимости
,Not Enough Gold,金币不足,ゴールドが足りない,पर्याप्त सोना नहीं,ليس ما يكفي من الذهب,Pas assez d'or,Insuficiente oro,Недостаточно золота
,New Table,新桌面,新しいテーブル,नई तालिका,طاولة جديدة,Nouveau tableau,Nueva mesa,Новая таблица
,New Stamp,新邮票,新しいスタンプ,नया स्टाम्प,ختم جديد,Nouveau timbre,Nuevo sello,Новая марка
,Win #1 games to unlock.,胜利#1场解锁,#1 ゲームに勝利してロックを解除しましょう。,अनलॉक करने के लिए #1 गेम जीतें।,فوز بالألعاب رقم 1 لفتحها.,Gagnez les jeux n°1 à débloquer.,Gana los juegos número 1 para desbloquear.,"Выиграйте игры №1, чтобы разблокировать их."
,Hawaii,夏威夷,ハワイ,हवाई,هاواي,Hawaii,Hawai,Гавайи
,Wood,木质,木材,लकड़ी,خشب,Bois,Madera,Древесина
,1970s,70年代,1970年代,1970 के दशक,السبعينيات,années 1970,década de 1970,1970-е годы
,You beat,你击败了,あなたは勝ちました,आप मारो,لقد تغلبت,Tu as battu,Vences,Ты победил
,players!,的玩家！,選手たち！,खिलाड़ियों!,اللاعبين!,joueurs!,jugadores!,игроки!
,Daily Mission,每日任务,毎日のタスク,दिनांक कार्य,المهام اليومية,Tâches quotidiennes,Tareas diarias,Ежедневные задания
,Magic Wand,魔法棒,魔法の杖,जादू की छड़ी,العصا السحرية,Baguette magique,Varita mágica,Волшебная палочка
MagicWand1,Use a Magic Wand to remove a hidden card!,使用魔法棒移除隐藏的卡！,魔法の杖を使って隠されたカードを取り除きましょう！,छिपे हुए कार्ड को निकालने के लिए जादू की छड़ी का उपयोग करें!,استخدم العصا السحرية لإزالة البطاقة المخفية!,Utilisez une baguette magique pour retirer une carte cachée !,¡Usa una varita mágica para eliminar una carta oculta!,"Используйте Волшебную палочку, чтобы удалить скрытую карту!"
,Get Free,免费,自由になる,नि: शुल्क पाएं,تحرر,Obtenez gratuitement,Liberarse,Получить бесплатно
,Watch Ads,观看广告,広告を見る,विज्ञापन देखें,مشاهدة الإعلانات,Regarder les annonces,Ver anuncios,Смотреть рекламу
,Unlock,解锁,ロックを解除する,अनलॉक,الغاء القفل,Ouvrir,desbloquear,Разблокировать
,Continue,继续,続く,जारी रखना,يكمل,Continuer,Continuar,Продолжать
,Best,最好,最高,श्रेष्ठ,أفضل,Meilleur,Mejor,Лучший
,You Got,你得到了,ユー・ガット,आपको मिला,أنت حصلت,Vous avez,Tu tienes,Ты получил
duliri,Independence Day,独立日,独立記念日,स्वतंत्रता दिवस,يوم الاستقلال,Jour de l'indépendance,Día de la Independencia,День независимости
xiaweiyi,Hawaii,夏威夷,ハワイ,हवाई,هاواي,Hawaii,Hawai,Гавайи
wood,Wood,木质,木材,लकड़ी,خشب,Bois,Madera,Древесина
1970s,1970s,70年代,1970年代,1970 के दशक,السبعينيات,années 1970,década de 1970,1970-е годы
,wins for the next reward,胜获得下一个奖励,勝利すると次の報酬を獲得できます,अगले इनाम के लिए जीतता है,يفوز بالمكافأة القادمة,gagne pour la prochaine récompense,gana para la próxima recompensa,выигрыши за следующую награду
,Daily Rank,每日排名,デイリーランク,दैनिक रैंक,الرتبة اليومية,Classement quotidien,Rango diario,Ежедневный рейтинг
,Rank,排名,ランク,पद,رتبة,Rang,Rango,Классифицировать
,In preparation,准备中,準備中,तैयारी में,قيد التحضير,En préparation,En la preparación de,В подготовке
,Connection failed!,连接失败！,接続に失敗しました！,कनेक्शन विफल!,فشل الاتصال!,La connexion a échoué!,¡La conexión falló!,Соединение не удалось!
,Me,我,自分,मुझे,أنا,Moi,A mí,Мне
,World Rank,世界排名,世界ランク,विश्व रैंक,ترتيب العالمي,Classement mondial,Categoría mundial,Мировой рейтинг
,"Oops, something went wrong!",哎呀，出了问题！,おっと！何かが間違っていた！,ओह! कुछ गलत हो गया है!,تبا شيء ما حدث بشكل خاطئ!,"Oups, quelque chose s'est mal passé !",¡Huy! Algo salió mal!,Упс! Что-то пошло не так!
,Language,语言,言語,भाषा,لغة,Langue,Idiomas,Язык
,UI Style,UI风格,UIスタイル,यूआई शैली,نمط واجهة المستخدم,Le style UI,Estilo UI,Стиль UI
,Green,绿色,グリーン,हराcolor,غرين,Vert,Verde,Зелёный
,Black,黑色,ブラック,काला,أسود .,Noir,Negro,Чёрный
,Come on and win your trophy!,加油赢得你的奖杯吧！,頑張ってトロフィーを勝ち取ろう！,आओ और अपनी ट्रोफी जीतो!,هيا الفوز بالكأس !,"Allez, gagnez votre trophée!",¡Vamos a ganar tu trofeo!,"Давай, выиграй свой трофей!"
,Date,日期,日付,दिनांक कार्य,تواريخ,Date,Fecha,Дата
,History,历史,履歴,इतिहास,تاريخ,Historique,Historia,История
,Select UI Style,选择UI样式,UI スタイルの選択,यूआई शैली चुनें,حدد نمط واجهة المستخدم,Sélectionnez le style d'interface utilisateur,Seleccionar estilo de interfaz de usuario,Выберите стиль пользовательского интерфейса
,Well done！,干得漂亮！,よくやった！,बहुत अच्छा!,أحسنت!,Bien joué!,¡Bien hecho!,Отличная работа!
,You can Auto move cards to the foundation now！,你现在可以自动快速收牌了！,カードを財団に自動で移動できるようになりました！,अब आप कार्डों को फ़ाउंडेशन में स्वतः स्थानांतरित कर सकते हैं!,يمكنك نقل البطاقات تلقائيًا إلى المؤسسة الآن!,Vous pouvez désormais déplacer automatiquement les cartes vers la fondation !,¡Ahora puedes mover cartas automáticamente a la base!,Теперь вы можете автоматически перемещать карты в фонд！
,Current ranking,当前排名,現在のランキング,वर्तमान रैंकिंग,الترتيب الحالي,Classement actuel,Clasificación actual,Текущий рейтинг
,Connecting,连接中,接続中,कनेक्ट,توصيل,De liaison,Conectando,Подключение
,IQ Mode,IQ模式,IQモード,बुद्धि मोड,وضع الذكاء,Mode QI,Modo coeficiente intelectual,Режим IQ
,Left Hand Mode,左手模式,左手モード,बाएँ हाथ का मोड,وضع اليد اليسرى,Mode main gauche,Modo mano izquierda,Режим левой руки
,Music,音乐,音楽,संगीत,موسيقى,Musique,Música,Музыка
,Select Music,选择音乐,音楽を選択,संगीत चुनें,حدد الموسيقى,Sélectionnez la musique,Seleccionar música,Выберите музыку
,Choose your music in settings,在设置中选择音乐,設定で音楽を選択してください,सेटिंग्स में अपना संगीत चुनें,اختر الموسيقى الخاصة بك في الإعدادات,Choisissez votre musique dans les paramètres,Elige tu música en la configuración,Выберите музыку в настройках
Music1,Delight,愉悦,喜び,आनंद,بهجة,Plaisir,Deleitar,Восторг
Music2,Warm,温暖,暖かい,गरम,دافيء,Chaud,Cálido,Теплый
Music3,Rain,雨,雨,बारिश,مطر,Pluie,Lluvia,Дождь
Music0,None,无,なし,कोई नहीं,لا أحد,Aucun,Ninguno,Никто
,Music On!,音乐打开！,音楽オン！,इसपर संगीत!,تشغيل الموسيقى!,Musique allumée!,¡Música encendida!,Музыка включена!
Music accompaies me! ,"Music accompaies me! 
Choose/Close Music in Setting.","音乐伴随着我！
在设置中选择/关闭音乐。","音楽は私と一緒です！
設定で音楽を選択/オフにします。","संगीत मेरा साथ देता है!
सेटिंग्स में संगीत चुनें/बंद करें।","الموسيقى ترافقني!
حدد/أوقف تشغيل الموسيقى في الإعدادات.","La musique m'accompagne !
Sélectionnez/désactivez la musique dans les paramètres.","¡La música me acompaña!
Seleccione/apague la música en la configuración.","Музыка сопровождает меня!
Выбрать/отключить музыку в настройках."
,Tap a star and let us know your thoughts!,点击一颗星星，让我们知道您的想法！,星をタップしてあなたのご意見をお聞かせください!,किसी तारे को टैप करें और हमें अपने विचार बताएं!,اضغط على نجمة وأخبرنا بأفكارك!,Appuyez sur une étoile et faites-nous part de votre avis !,¡Toca una estrella y cuéntanos tu opinión!,"Нажмите звездочку и дайте нам знать, что вы думаете!"
,Reviews,评论,レビュー,समीक्षा,التعليقات,Commentaires,Reseñas,Отзывы
,Enjoying Solitaire？,喜欢纸牌游戏吗？,ソリティアを楽しんでいますか？,सॉलिटेयर का आनंद ले रहे हैं？,تتمتع سوليتير？,Vous appréciez le solitaire ?,¿Disfrutando del solitario?,Наслаждаемся пасьянсом?
,Share with friends,分享给好友,友人たちと分ける,दोस्तों के साथ बांटें,شارك مع الاصدقاء,Partager avec des amis,Compartir con amigos,Поделиться с друзьями
